File Name,Name,Count
Layout-Blocks.dwg,120ohm,1
Layout-Blocks.dwg,1250L,1
Layout-Blocks.dwg,225CWS,1
Layout-Blocks.dwg,ADF-120-277,1
Layout-Blocks.dwg,ALM5-010,1
Layout-Blocks.dwg,ALM5-DLM,1
Layout-Blocks.dwg,ALM5-DMX,1
Layout-Blocks.dwg,ARC-PA0913B01,1
Layout-Blocks.dwg,ARC-PA2419B01,1
Layout-Blocks.dwg,AS-100,1
Layout-Blocks.dwg,AT-120,1
Layout-Blocks.dwg,AT-277,1
Layout-Blocks.dwg,AW11-900,1
Layout-Blocks.dwg,AW15-900,1
Layout-Blocks.dwg,B347D-P,1
Layout-Blocks.dwg,BCI,1
Layout-Blocks.dwg,BLM1-010,1
Layout-Blocks.dwg,BLM1-DLM,1
Layout-Blocks.dwg,BLM1-DMX,1
Layout-Blocks.dwg,BLM2-010,1
Layout-Blocks.dwg,BLM2-DLM,1
Layout-Blocks.dwg,BLM2-DMX,1
Layout-Blocks.dwg,BLM3-010,1
Layout-Blocks.dwg,BLM3-DLM,1
Layout-Blocks.dwg,BLM3-DMX,1
Layout-Blocks.dwg,BT-203,1
Layout-Blocks.dwg,BZ-150,1
Layout-Blocks.dwg,BZ-200,1
Layout-Blocks.dwg,BZ-250,1
Layout-Blocks.dwg,BZ-250-347,1
Layout-Blocks.dwg,BZ-50,1
Layout-Blocks.dwg,CB-100,1
Layout-Blocks.dwg,CB-100-3,1
Layout-Blocks.dwg,CD,1
Layout-Blocks.dwg,CD-250,1
Layout-Blocks.dwg,CD4FBL,1
Layout-Blocks.dwg,CD700,1
Layout-Blocks.dwg,CH,1
Layout-Blocks.dwg,CH-250,1
Layout-Blocks.dwg,CI-200,1
Layout-Blocks.dwg,CI-200-1,1
Layout-Blocks.dwg,CI-24,1
Layout-Blocks.dwg,CI-300,1
Layout-Blocks.dwg,CI-300-1,1
Layout-Blocks.dwg,CI-305,1
Layout-Blocks.dwg,CI-355,1
Layout-Blocks.dwg,CI-355-1,1
Layout-Blocks.dwg,CIS10-DIN,1
Layout-Blocks.dwg,COM-POE-SWITCH,1
Layout-Blocks.dwg,CS,1
Layout-Blocks.dwg,CS-350-N,1
Layout-Blocks.dwg,CS-50,1
Layout-Blocks.dwg,CU,1
Layout-Blocks.dwg,CU-250,1
Layout-Blocks.dwg,CX-100,1
Layout-Blocks.dwg,CX-100-1,1
Layout-Blocks.dwg,CX-100-3,1
Layout-Blocks.dwg,CX-100-4,1
Layout-Blocks.dwg,CX-105,1
Layout-Blocks.dwg,DA1458,1
Layout-Blocks.dwg,DA2401,1
Layout-Blocks.dwg,DCC2,1
Layout-Blocks.dwg,DCC7,1
Layout-Blocks.dwg,DCD267,1
Layout-Blocks.dwg,DCD-270,1
Layout-Blocks.dwg,DCD68,1
Layout-Blocks.dwg,DCLV1,1
Layout-Blocks.dwg,DM-100,1
Layout-Blocks.dwg,DMX-DALI-GW,1
Layout-Blocks.dwg,DMX-SPLITTER,1
Layout-Blocks.dwg,DRD2,1
Layout-Blocks.dwg,DRD3,1
Layout-Blocks.dwg,DRD4,1
Layout-Blocks.dwg,DRD40,1
Layout-Blocks.dwg,DRD5,1
Layout-Blocks.dwg,DRD6,1
Layout-Blocks.dwg,DRD8,1
Layout-Blocks.dwg,DRD9,1
Layout-Blocks.dwg,DRLV1,1
Layout-Blocks.dwg,DSW-100,1
Layout-Blocks.dwg,DSW-200,1
Layout-Blocks.dwg,DSW-301,1
Layout-Blocks.dwg,DSW-301-347,1
Layout-Blocks.dwg,DSW-302,1
Layout-Blocks.dwg,DSW-302-347,1
Layout-Blocks.dwg,DT-200,1
Layout-Blocks.dwg,DT-205,1
Layout-Blocks.dwg,DT-300,1
Layout-Blocks.dwg,DT-305,1
Layout-Blocks.dwg,DT-355,1
Layout-Blocks.dwg,DW-100,1
Layout-Blocks.dwg,DW-100-24,1
Layout-Blocks.dwg,DW-100-347,1
Layout-Blocks.dwg,DW-103,1
Layout-Blocks.dwg,DW-200,1
Layout-Blocks.dwg,DW-203,1
Layout-Blocks.dwg,DW-311,1
Layout-Blocks.dwg,DW-311-347,1
Layout-Blocks.dwg,EASYTOUCH-II-1,1
Layout-Blocks.dwg,EASYTOUCH-II-2,1
Layout-Blocks.dwg,EASYTOUCH-II-3,1
Layout-Blocks.dwg,EASYTOUCH-II-4,1
Layout-Blocks.dwg,EASYTOUCH-II-5,1
Layout-Blocks.dwg,ELCU-100,1
Layout-Blocks.dwg,ELCU-200,1
Layout-Blocks.dwg,ELCU-200-347,1
Layout-Blocks.dwg,EM-24A2,1
Layout-Blocks.dwg,EM-24D2,1
Layout-Blocks.dwg,EM-LIGHTSENSOR,1
Layout-Blocks.dwg,EM-MOTIONSENSOR15,1
Layout-Blocks.dwg,EM-MOTIONSENSOR40,1
Layout-Blocks.dwg,EMTS-100,1
Layout-Blocks.dwg,EOHR-101,1
Layout-Blocks.dwg,EOHR-102,1
Layout-Blocks.dwg,EOPC-100,1
Layout-Blocks.dwg,EORS-101,1
Layout-Blocks.dwg,EORS-102,1
Layout-Blocks.dwg,EOSW-101,1
Layout-Blocks.dwg,EOSW-102,1
Layout-Blocks.dwg,EOSW-111,1
Layout-Blocks.dwg,EOSW-112,1
Layout-Blocks.dwg,EQ40TB-TI,1
Layout-Blocks.dwg,EQ41TB-TI,1
Layout-Blocks.dwg,EQ73TB-TI,1
Layout-Blocks.dwg,EW-200,1
Layout-Blocks.dwg,EW-205,1
Layout-Blocks.dwg,FANMOD,1
Layout-Blocks.dwg,FG9023,1
Layout-Blocks.dwg,FG9026,1
Layout-Blocks.dwg,FL-LS-MS-360,1
Layout-Blocks.dwg,FL-MS-MINI-360-16,1
Layout-Blocks.dwg,FL-MS-MINI-360-33,1
Layout-Blocks.dwg,FS-105,1
Layout-Blocks.dwg,FS-155,1
Layout-Blocks.dwg,FS-205,1
Layout-Blocks.dwg,FS-255,1
Layout-Blocks.dwg,FS-305,1
Layout-Blocks.dwg,FS-305-L2W,1
Layout-Blocks.dwg,FS-305-L3W,1
Layout-Blocks.dwg,FS-305-L4W,1
Layout-Blocks.dwg,FS-355-L6,1
Layout-Blocks.dwg,FS-505,1
Layout-Blocks.dwg,FS-505C,1
Layout-Blocks.dwg,FSIR-100,1
Layout-Blocks.dwg,FS-L2W,1
Layout-Blocks.dwg,FS-L3W,1
Layout-Blocks.dwg,FS-L4W,1
Layout-Blocks.dwg,FS-L6,1
Layout-Blocks.dwg,FSP-201,1
Layout-Blocks.dwg,FSP-201-B,1
Layout-Blocks.dwg,FSP-201-B-D,1
Layout-Blocks.dwg,FSP-201-B-S,1
Layout-Blocks.dwg,FSP-202,1
Layout-Blocks.dwg,FSP-211,1
Layout-Blocks.dwg,FSP-211-B,1
Layout-Blocks.dwg,FSP-211-B-D,1
Layout-Blocks.dwg,FSP-211-B-S,1
Layout-Blocks.dwg,FSP-212,1
Layout-Blocks.dwg,FSP-221,1
Layout-Blocks.dwg,FSP-221-B,1
Layout-Blocks.dwg,FSP-221-B-D,1
Layout-Blocks.dwg,FSP-221-B-S,1
Layout-Blocks.dwg,FSP-L2,1
Layout-Blocks.dwg,FSP-L3,1
Layout-Blocks.dwg,FSP-L4,1
Layout-Blocks.dwg,FSP-L7,1
Layout-Blocks.dwg,FS-PP-V2,1
Layout-Blocks.dwg,GENERIC-CIRCLE,1
Layout-Blocks.dwg,GENERIC-SQUARE,1
Layout-Blocks.dwg,GENERIC-SUN,1
Layout-Blocks.dwg,GENERIC-SWITCH,1
Layout-Blocks.dwg,GENERIC-SWITCH-1,1
Layout-Blocks.dwg,GENERIC-SWITCH-2,1
Layout-Blocks.dwg,GENERIC-X,1
Layout-Blocks.dwg,H1103P,1
Layout-Blocks.dwg,H4FBL3P,1
Layout-Blocks.dwg,H703P,1
Layout-Blocks.dwg,H703PTU,1
Layout-Blocks.dwg,H703PTUW,1
Layout-Blocks.dwg,HB-300-C,1
Layout-Blocks.dwg,HB-300-L1,1
Layout-Blocks.dwg,HB-300-L1M,1
Layout-Blocks.dwg,HB-300-L2,1
Layout-Blocks.dwg,HB-300-L3,1
Layout-Blocks.dwg,HB-300-L3W,1
Layout-Blocks.dwg,HB-300-L4,1
Layout-Blocks.dwg,HB-300-L4W,1
Layout-Blocks.dwg,HB-330-C,1
Layout-Blocks.dwg,HB340B-L3,1
Layout-Blocks.dwg,HB-340-C,1
Layout-Blocks.dwg,HB-350-C,1
Layout-Blocks.dwg,HB-350-L1,1
Layout-Blocks.dwg,HB-350-L1M,1
Layout-Blocks.dwg,HB-350-L2,1
Layout-Blocks.dwg,HB-350-L3,1
Layout-Blocks.dwg,HB-350-L3W,1
Layout-Blocks.dwg,HB-350-L4,1
Layout-Blocks.dwg,HB-350-L4W,1
Layout-Blocks.dwg,HBP,1
Layout-Blocks.dwg,HBP-112,1
Layout-Blocks.dwg,HCL453P,1
Layout-Blocks.dwg,HD-1103,1
Layout-Blocks.dwg,HD-703,1
Layout-Blocks.dwg,HD-703 1103,1
Layout-Blocks.dwg,HDA-1103,1
Layout-Blocks.dwg,HDA-703,1
Layout-Blocks.dwg,HDCL-453,1
Layout-Blocks.dwg,HDFC-1A,1
Layout-Blocks.dwg,HDFM-8A,1
Layout-Blocks.dwg,HDH163P,1
Layout-Blocks.dwg,HDLS1SS,1
Layout-Blocks.dwg,HDLS2SS,1
Layout-Blocks.dwg,HDLS4SS,1
Layout-Blocks.dwg,HDLS8SS,1
Layout-Blocks.dwg,HDMLV-703 1103,1
Layout-Blocks.dwg,HFB83P,1
Layout-Blocks.dwg,HG903RD-RSP,1
Layout-Blocks.dwg,HPSA,1
Layout-Blocks.dwg,HS-100,1
Layout-Blocks.dwg,HS-150,1
Layout-Blocks.dwg,IC-36,1
Layout-Blocks.dwg,IC-DIN-II-LITE,1
Layout-Blocks.dwg,IC-DIN-II-LITE-RF,1
Layout-Blocks.dwg,IRX-II,1
Layout-Blocks.dwg,KEY-SWITCH,1
Layout-Blocks.dwg,L1S,1
Layout-Blocks.dwg,L3S,1
Layout-Blocks.dwg,L5S,1
Layout-Blocks.dwg,L9S,1
Layout-Blocks.dwg,LC-100,1
Layout-Blocks.dwg,LC2101-LA,1
Layout-Blocks.dwg,LCAP,1
Layout-Blocks.dwg,LCAP32L,1
Layout-Blocks.dwg,LCAP32M,1
Layout-Blocks.dwg,LCAP32MLO,1
Layout-Blocks.dwg,LCAP32S,1
Layout-Blocks.dwg,LCAP32SLO,1
Layout-Blocks.dwg,LCAP44A,1
Layout-Blocks.dwg,LCAP44ALO,1
Layout-Blocks.dwg,LCAP44H,1
Layout-Blocks.dwg,LCAP44HS,1
Layout-Blocks.dwg,LCAP44M,1
Layout-Blocks.dwg,LCAP44MLO,1
Layout-Blocks.dwg,LCAP44S,1
Layout-Blocks.dwg,LCAP44SLO,1
Layout-Blocks.dwg,LCD-203,1
Layout-Blocks.dwg,LCO-203,1
Layout-Blocks.dwg,LI-ARP,1
Layout-Blocks.dwg,LIC24,1
Layout-Blocks.dwg,LIC48,1
Layout-Blocks.dwg,LIC8,1
Layout-Blocks.dwg,LICA24,1
Layout-Blocks.dwg,LICA48,1
Layout-Blocks.dwg,LICA8,1
Layout-Blocks.dwg,LILM24,1
Layout-Blocks.dwg,LILM48,1
Layout-Blocks.dwg,LILM8,1
Layout-Blocks.dwg,LI-LP,1
Layout-Blocks.dwg,LMBC-300,1
Layout-Blocks.dwg,LMBC-300-H6,1
Layout-Blocks.dwg,LMBC-650,1
Layout-Blocks.dwg,LMBR-650,1
Layout-Blocks.dwg,LMCP12,1
Layout-Blocks.dwg,LMCP24,1
Layout-Blocks.dwg,LMCP48,1
Layout-Blocks.dwg,LMCP8,1
Layout-Blocks.dwg,LMCT-100,1
Layout-Blocks.dwg,LMDC-100,1
Layout-Blocks.dwg,LMDI-100,1
Layout-Blocks.dwg,LMDL-600,1
Layout-Blocks.dwg,LMDM-101,1
Layout-Blocks.dwg,LMDM-600,1
Layout-Blocks.dwg,LMDW-101,1
Layout-Blocks.dwg,LMDW-102,1
Layout-Blocks.dwg,LMDX-100,1
Layout-Blocks.dwg,LMFC-011,1
Layout-Blocks.dwg,LMIN-104,1
Layout-Blocks.dwg,LMIO-101,1
Layout-Blocks.dwg,LMIO-102,1
Layout-Blocks.dwg,LMIO-201,1
Layout-Blocks.dwg,LMIO-301,1
Layout-Blocks.dwg,LMIR-100,1
Layout-Blocks.dwg,LMLS-105,1
Layout-Blocks.dwg,LMLS-305,1
Layout-Blocks.dwg,LMLS-400,1
Layout-Blocks.dwg,LMLS-500,1
Layout-Blocks.dwg,LMLS-600,1
Layout-Blocks.dwg,LMNC,1
Layout-Blocks.dwg,LMOR-102,1
Layout-Blocks.dwg,LMPB-100,1
Layout-Blocks.dwg,LMPC-100,1
Layout-Blocks.dwg,LMPC-100-1,1
Layout-Blocks.dwg,LMPC-100-5,1
Layout-Blocks.dwg,LMPC-600,1
Layout-Blocks.dwg,LMPL-101,1
Layout-Blocks.dwg,LMPL-201,1
Layout-Blocks.dwg,LMPO-200,1
Layout-Blocks.dwg,LMPS-104,1
Layout-Blocks.dwg,LMPS-6000,1
Layout-Blocks.dwg,LMPW-101,1
Layout-Blocks.dwg,LMPW-102,1
Layout-Blocks.dwg,LMPX-100,1
Layout-Blocks.dwg,LMPX-100-1,1
Layout-Blocks.dwg,LMPX-100-3,1
Layout-Blocks.dwg,LMPX-100-4,1
Layout-Blocks.dwg,LMPX-600,1
Layout-Blocks.dwg,LMRC-101,1
Layout-Blocks.dwg,LMRC-102,1
Layout-Blocks.dwg,LMRC-111,1
Layout-Blocks.dwg,LMRC-111-M,1
Layout-Blocks.dwg,LMRC-112,1
Layout-Blocks.dwg,LMRC-112-M,1
Layout-Blocks.dwg,LMRC-211,1
Layout-Blocks.dwg,LMRC-211-347V,1
Layout-Blocks.dwg,LMRC-212,1
Layout-Blocks.dwg,LMRC-212-347V,1
Layout-Blocks.dwg,LMRC-213,1
Layout-Blocks.dwg,LMRC-213-347V,1
Layout-Blocks.dwg,LMRC-221,1
Layout-Blocks.dwg,LMRC-222,1
Layout-Blocks.dwg,LMRC-611,1
Layout-Blocks.dwg,LMRH-101,1
Layout-Blocks.dwg,LMRH-102,1
Layout-Blocks.dwg,LMRH-105,1
Layout-Blocks.dwg,LMRJ-C8,1
Layout-Blocks.dwg,LMRJ-CS8,1
Layout-Blocks.dwg,LMRJ-S8,1
Layout-Blocks.dwg,LMRL-100,1
Layout-Blocks.dwg,LMSM-201,1
Layout-Blocks.dwg,LMSM-3E,1
Layout-Blocks.dwg,LMSM-600,1
Layout-Blocks.dwg,LMSM-603,1
Layout-Blocks.dwg,LMSM-6E,1
Layout-Blocks.dwg,LMSW-101,1
Layout-Blocks.dwg,LMSW-102,1
Layout-Blocks.dwg,LMSW-103,1
Layout-Blocks.dwg,LMSW-104,1
Layout-Blocks.dwg,LMSW-105,1
Layout-Blocks.dwg,LMSW-105-CCT,1
Layout-Blocks.dwg,LMSW-108,1
Layout-Blocks.dwg,LMSW-605,1
Layout-Blocks.dwg,LMTS-101-CCT,1
Layout-Blocks.dwg,LMUC-100-2,1
Layout-Blocks.dwg,LMUC-200,1
Layout-Blocks.dwg,LMZC-301,1
Layout-Blocks.dwg,LS-102,1
Layout-Blocks.dwg,LS-290C,1
Layout-Blocks.dwg,LS-301,1
Layout-Blocks.dwg,LS-3C,1
Layout-Blocks.dwg,LS-5C,1
Layout-Blocks.dwg,LS-E12,1
Layout-Blocks.dwg,LVOS,1
Layout-Blocks.dwg,LVOS-0-10-PWM-1,1
Layout-Blocks.dwg,LVOS-0-10-PWM-DIN,1
Layout-Blocks.dwg,LVOS-0-10-PWM-P-1,1
Layout-Blocks.dwg,LVRS8-DIN,2
Layout-Blocks.dwg,LVS-1,1
Layout-Blocks.dwg,LVS-1K,1
Layout-Blocks.dwg,LVSW-101,1
Layout-Blocks.dwg,LVSW-102,1
Layout-Blocks.dwg,LVSW-103,1
Layout-Blocks.dwg,LVSW-104,1
Layout-Blocks.dwg,LVSW-108,1
Layout-Blocks.dwg,MCD26,1
Layout-Blocks.dwg,MCD267,1
Layout-Blocks.dwg,MCD68,1
Layout-Blocks.dwg,MCF8,1
Layout-Blocks.dwg,MDR24,1
Layout-Blocks.dwg,MDR246,1
Layout-Blocks.dwg,MDR247,1
Layout-Blocks.dwg,MDR8CW301,1
Layout-Blocks.dwg,MDS246,1
Layout-Blocks.dwg,MDS248,1
Layout-Blocks.dwg,MDS266,1
Layout-Blocks.dwg,MDS268,1
Layout-Blocks.dwg,MDS269,1
Layout-Blocks.dwg,MNM2,1
Layout-Blocks.dwg,MNM4,1
Layout-Blocks.dwg,MNM5,1
Layout-Blocks.dwg,MR2000,1
Layout-Blocks.dwg,MR232,1
Layout-Blocks.dwg,MRD2,1
Layout-Blocks.dwg,MRD3,1
Layout-Blocks.dwg,MRD4,1
Layout-Blocks.dwg,MRD5,1
Layout-Blocks.dwg,MRD6,1
Layout-Blocks.dwg,MRD8,1
Layout-Blocks.dwg,MRD9,1
Layout-Blocks.dwg,MRDS10,1
Layout-Blocks.dwg,MRH5G,1
Layout-Blocks.dwg,MRH6G,1
Layout-Blocks.dwg,MRHC3,1
Layout-Blocks.dwg,MRP6,1
Layout-Blocks.dwg,MRP7,1
Layout-Blocks.dwg,MRPP1,1
Layout-Blocks.dwg,MRR2G,1
Layout-Blocks.dwg,MRRC3,1
Layout-Blocks.dwg,MRRC4,1
Layout-Blocks.dwg,MSC-100,1
Layout-Blocks.dwg,NB-ISOLATOR,1
Layout-Blocks.dwg,NB-ROUTER,1
Layout-Blocks.dwg,NB-SWITCH,1
Layout-Blocks.dwg,NWTL-111,1
Layout-Blocks.dwg,NWTL-111-1P,1
Layout-Blocks.dwg,NWTL-111-2P,1
Layout-Blocks.dwg,OD24-9,1
Layout-Blocks.dwg,P8AX09-N,1
Layout-Blocks.dwg,PARTITION-SENSOR,1
Layout-Blocks.dwg,PHASE-TO-PHASE,1
Layout-Blocks.dwg,P-NUT,1
Layout-Blocks.dwg,PW-100,1
Layout-Blocks.dwg,PW-100-24,1
Layout-Blocks.dwg,PW-100D,1
Layout-Blocks.dwg,PW-101,1
Layout-Blocks.dwg,PW-103,1
Layout-Blocks.dwg,PW-200,1
Layout-Blocks.dwg,PW-201,1
Layout-Blocks.dwg,PW-203,1
Layout-Blocks.dwg,PW-301,1
Layout-Blocks.dwg,PW-301-347,1
Layout-Blocks.dwg,PW-302,1
Layout-Blocks.dwg,PW-302-347,1
Layout-Blocks.dwg,PW-311,1
Layout-Blocks.dwg,RACCESS,2
Layout-Blocks.dwg,RD,1
Layout-Blocks.dwg,RD-250,1
Layout-Blocks.dwg,RH,1
Layout-Blocks.dwg,RH-250,1
Layout-Blocks.dwg,RH4FBL3PTC,1
Layout-Blocks.dwg,RH4FBL3PW,1
Layout-Blocks.dwg,RS,1
Layout-Blocks.dwg,RS-150BA,1
Layout-Blocks.dwg,RS-232,1
Layout-Blocks.dwg,RS-250,1
Layout-Blocks.dwg,RS8-L-DIN,1
Layout-Blocks.dwg,RT,1
Layout-Blocks.dwg,RT-200,1
Layout-Blocks.dwg,SDM12-EM,1
Layout-Blocks.dwg,SENSOR2-A,1
Layout-Blocks.dwg,SENSOR2-C,1
Layout-Blocks.dwg,SLDS4-DIN,1
Layout-Blocks.dwg,STIDER121,1
Layout-Blocks.dwg,STPERW101,1
Layout-Blocks.dwg,STPERW201,1
Layout-Blocks.dwg,STPSRW101,1
Layout-Blocks.dwg,STPSRW201,1
Layout-Blocks.dwg,TD-603,1
Layout-Blocks.dwg,TDA-603,1
Layout-Blocks.dwg,TDFC-1A,1
Layout-Blocks.dwg,TDR,1
Layout-Blocks.dwg,TRA24003NP,1
Layout-Blocks.dwg,TRA9023NP,1
Layout-Blocks.dwg,TS-400,1
Layout-Blocks.dwg,TS-400-24,1
Layout-Blocks.dwg,TW_MTSP,1
Layout-Blocks.dwg,TW_MTSP_S,1
Layout-Blocks.dwg,TW_REV,4
Layout-Blocks.dwg,UDM08-EM,1
Layout-Blocks.dwg,UT-300-1,1
Layout-Blocks.dwg,UT-300-2,1
Layout-Blocks.dwg,UT-300-3,1
Layout-Blocks.dwg,UT-305-1,1
Layout-Blocks.dwg,UT-305-2,1
Layout-Blocks.dwg,UT-305-3,1
Layout-Blocks.dwg,UT-355-1,1
Layout-Blocks.dwg,UT-355-2,1
Layout-Blocks.dwg,UT-355-3,1
Layout-Blocks.dwg,UW-100,1
Layout-Blocks.dwg,UW-100-24,1
Layout-Blocks.dwg,UW-200,1
Layout-Blocks.dwg,VA-EPC-DFS-120V,1
Layout-Blocks.dwg,VA-EPC-DFS-277V,1
Layout-Blocks.dwg,VA-RRU-1-120V,1
Layout-Blocks.dwg,VA-RRU-1-277V,1
Layout-Blocks.dwg,W-1000A,1
Layout-Blocks.dwg,W-2000A,1
Layout-Blocks.dwg,W-2000H,1
Layout-Blocks.dwg,W-500A,1
Layout-Blocks.dwg,WBT-900-IP,1
Layout-Blocks.dwg,WD-170,1
Layout-Blocks.dwg,WPIR,1
Layout-Blocks.dwg,WRC-20-2,1
Layout-Blocks.dwg,WRC-TX,1
Layout-Blocks.dwg,WRC-TX-LM,1
Layout-Blocks.dwg,WS-250,1
Layout-Blocks.dwg,WS-301,1
Layout-Blocks.dwg,WS-301-347,1
Layout-Blocks.dwg,WT-1100,1
Layout-Blocks.dwg,WT-2200,1
Layout-Blocks.dwg,WT-2205,1
Layout-Blocks.dwg,WT-2250,1
Layout-Blocks.dwg,WT-2255,1
Layout-Blocks.dwg,WT-600,1
